{
    "backward_flow": {
        "max": 191.712646484375,
        "min": -17.428436279296875
    },
    "forward_flow": {
        "max": 191.7048797607422,
        "min": -17.428476333618164
    }
}