{
    "backward_flow": {
        "max": 108.12454223632812,
        "min": -9.8297119140625
    },
    "forward_flow": {
        "max": 102.76148986816406,
        "min": -9.829696655273438
    }
}