{
    "backward_flow": {
        "max": 116.12626647949219,
        "min": -10.556936264038086
    },
    "forward_flow": {
        "max": 113.4951400756836,
        "min": -10.557016372680664
    }
}