{
    "backward_flow": {
        "max": 185.03343200683594,
        "min": -16.822174072265625
    },
    "forward_flow": {
        "max": 183.20802307128906,
        "min": -16.822154998779297
    }
}