{
    "backward_flow": {
        "max": 118.15089416503906,
        "min": -10.742621421813965
    },
    "forward_flow": {
        "max": 113.3936996459961,
        "min": -10.742621421813965
    }
}